{"today_date": "2021-10-17", "worktime_hours": null, "worktime_minutes": null, "total_worktime": null, "total_breaktime": null, "works": [{"start": 1634421845.229973, "stop": 1634421865.261103, "total": 20.031129837036133}], "breaks": []}