{"today_date": "2021-10-17", "worktime_hours": null, "worktime_minutes": null, "total_worktime": null, "total_breaktime": null, "works": [{"start": 1634504384.82966, "stop": 1634504699.5181, "total": 314.6884400844574}, {"start": 1634504711.382357, "stop": 1634506943.750288, "total": 2232.367931127548}], "breaks": []}